{
  "model_type": "iccas_specialized_binary_lstm",
  "task": "gps_wandering",
  "positive_label": "wandering",
  "feature_columns": [
    "x_m",
    "y_m",
    "dx_m",
    "dy_m",
    "speed_mps",
    "dt_s",
    "gps_valid"
  ],
  "sequence_length": 16,
  "threshold": 0.08,
  "hidden_size": 64,
  "num_layers": 2,
  "dropout": 0.2,
  "scaler_center": [
    5.0869011878967285,
    77.16938781738281,
    0.0,
    0.0,
    0.0,
    0.03999999910593033,
    1.0
  ],
  "scaler_scale": [
    2568.974365234375,
    649.9352416992188,
    1.3508847951889038,
    3.131732940673828,
    7.117586135864258,
    0.019999999552965164,
    1.0
  ],
  "split_sizes": {
    "train": 17233,
    "validation": 3694,
    "test": 3697
  },
  "validation_metrics": {
    "accuracy": 0.9149972929074174,
    "precision": 0.8801386825160971,
    "recall": 0.961060032449973,
    "f1": 0.9188210961737332,
    "tp": 1777,
    "fp": 242,
    "tn": 1603,
    "fn": 72,
    "threshold": 0.08
  },
  "test_metrics": {
    "accuracy": 0.9115499053286449,
    "precision": 0.8586239396795476,
    "recall": 0.9853975121687398,
    "f1": 0.9176529841349786,
    "tp": 1822,
    "fp": 300,
    "tn": 1548,
    "fn": 27,
    "threshold": 0.08
  },
  "test_metrics_by_scenario": {
    "idle": {
      "accuracy": 0.23648648648648649,
      "precision": 0.0,
      "recall": 0.0,
      "f1": 0.0,
      "tp": 0,
      "fp": 113,
      "tn": 35,
      "fn": 0,
      "threshold": 0.08
    },
    "sit": {
      "accuracy": 1.0,
      "precision": 0.0,
      "recall": 0.0,
      "f1": 0.0,
      "tp": 0,
      "fp": 0,
      "tn": 96,
      "fn": 0,
      "threshold": 0.08
    },
    "떨어졌다가 앞으로 걸어가고 떨어졌다 앞으로 걸어감": {
      "accuracy": 0.2956989247311828,
      "precision": 0.0,
      "recall": 0.0,
      "f1": 0.0,
      "tp": 0,
      "fp": 131,
      "tn": 55,
      "fn": 0,
      "threshold": 0.08
    },
    "새로운 경로 1.2km, 새로운 경로 600m": {
      "accuracy": 0.9890710382513661,
      "precision": 1.0,
      "recall": 0.9890710382513661,
      "f1": 0.9945054945054945,
      "tp": 1267,
      "fp": 0,
      "tn": 0,
      "fn": 14,
      "threshold": 0.08
    },
    "새로운 경로에서 배회": {
      "accuracy": 0.977112676056338,
      "precision": 1.0,
      "recall": 0.977112676056338,
      "f1": 0.9884238646482636,
      "tp": 555,
      "fp": 0,
      "tn": 0,
      "fn": 13,
      "threshold": 0.08
    },
    "제자리에서 떨어짐1,2": {
      "accuracy": 0.7937219730941704,
      "precision": 0.0,
      "recall": 0.0,
      "f1": 0.0,
      "tp": 0,
      "fp": 46,
      "tn": 177,
      "fn": 0,
      "threshold": 0.08
    },
    "집 앞 walk": {
      "accuracy": 0.9581589958158996,
      "precision": 0.0,
      "recall": 0.0,
      "f1": 0.0,
      "tp": 0,
      "fp": 10,
      "tn": 229,
      "fn": 0,
      "threshold": 0.08
    },
    "추가된 학교 데이터": {
      "accuracy": 1.0,
      "precision": 0.0,
      "recall": 0.0,
      "f1": 0.0,
      "tp": 0,
      "fp": 0,
      "tn": 793,
      "fn": 0,
      "threshold": 0.08
    },
    "학교 walk": {
      "accuracy": 1.0,
      "precision": 0.0,
      "recall": 0.0,
      "f1": 0.0,
      "tp": 0,
      "fp": 0,
      "tn": 163,
      "fn": 0,
      "threshold": 0.08
    }
  },
  "history": [
    {
      "epoch": 1,
      "loss": 0.46920992988894833,
      "validation_f1": 0.8061914105079572
    },
    {
      "epoch": 2,
      "loss": 0.26217502861850145,
      "validation_f1": 0.8160073597056118
    },
    {
      "epoch": 3,
      "loss": 0.21974825802519257,
      "validation_f1": 0.8240165631469979
    },
    {
      "epoch": 4,
      "loss": 0.19494094733646658,
      "validation_f1": 0.8939885258169119
    },
    {
      "epoch": 5,
      "loss": 0.16825477301863448,
      "validation_f1": 0.8316885964912281
    },
    {
      "epoch": 6,
      "loss": 0.10675141489170961,
      "validation_f1": 0.8036327933235149
    },
    {
      "epoch": 7,
      "loss": 0.09558827110378075,
      "validation_f1": 0.8281040493429873
    },
    {
      "epoch": 8,
      "loss": 0.08083157422150626,
      "validation_f1": 0.8543891638447513
    },
    {
      "epoch": 9,
      "loss": 0.06260822151911824,
      "validation_f1": 0.8162175285263414
    },
    {
      "epoch": 10,
      "loss": 0.054031101748463366,
      "validation_f1": 0.8435336471891441
    },
    {
      "epoch": 11,
      "loss": 0.04899805777643029,
      "validation_f1": 0.8541300527240774
    },
    {
      "epoch": 12,
      "loss": 0.041170053510452005,
      "validation_f1": 0.8748035620743845
    },
    {
      "epoch": 13,
      "loss": 0.033405784460241075,
      "validation_f1": 0.8766763081777543
    },
    {
      "epoch": 14,
      "loss": 0.03266228448443609,
      "validation_f1": 0.8567876678269517
    },
    {
      "epoch": 15,
      "loss": 0.029788749372098168,
      "validation_f1": 0.8563772775991425
    },
    {
      "epoch": 16,
      "loss": 0.02771894166298262,
      "validation_f1": 0.8778143182393119
    },
    {
      "epoch": 17,
      "loss": 0.022755106253373708,
      "validation_f1": 0.90462503266266
    },
    {
      "epoch": 18,
      "loss": 0.022068554989361052,
      "validation_f1": 0.8888888888888888
    },
    {
      "epoch": 19,
      "loss": 0.01704097965109966,
      "validation_f1": 0.8776582436827621
    },
    {
      "epoch": 20,
      "loss": 0.030391960591747938,
      "validation_f1": 0.8764044943820225
    },
    {
      "epoch": 21,
      "loss": 0.029320445829800413,
      "validation_f1": 0.894111570247934
    },
    {
      "epoch": 22,
      "loss": 0.013351483289332887,
      "validation_f1": 0.8741615240139522
    },
    {
      "epoch": 23,
      "loss": 0.027824818911369738,
      "validation_f1": 0.9059650950768429
    },
    {
      "epoch": 24,
      "loss": 0.014236013231114715,
      "validation_f1": 0.8743197719616481
    },
    {
      "epoch": 25,
      "loss": 0.013196975408234462,
      "validation_f1": 0.9090909090909091
    },
    {
      "epoch": 26,
      "loss": 0.018256026293516248,
      "validation_f1": 0.8731041456016178
    },
    {
      "epoch": 27,
      "loss": 0.022072744524480468,
      "validation_f1": 0.8672756582482537
    },
    {
      "epoch": 28,
      "loss": 0.011622069348655282,
      "validation_f1": 0.9126559714795007
    },
    {
      "epoch": 29,
      "loss": 0.009532747083362318,
      "validation_f1": 0.8977730077810572
    },
    {
      "epoch": 30,
      "loss": 0.011150073365236522,
      "validation_f1": 0.9188210961737332
    },
    {
      "epoch": 31,
      "loss": 0.010779847151640681,
      "validation_f1": 0.9020323084940073
    },
    {
      "epoch": 32,
      "loss": 0.006459416600100499,
      "validation_f1": 0.891253568647807
    },
    {
      "epoch": 33,
      "loss": 0.019574392743779197,
      "validation_f1": 0.8559254327563249
    },
    {
      "epoch": 34,
      "loss": 0.009380187113769731,
      "validation_f1": 0.8722805221397492
    },
    {
      "epoch": 35,
      "loss": 0.006419851466082901,
      "validation_f1": 0.9008198889182756
    },
    {
      "epoch": 36,
      "loss": 0.008558230063987936,
      "validation_f1": 0.8758452799567217
    },
    {
      "epoch": 37,
      "loss": 0.010038364127058698,
      "validation_f1": 0.9065095097776588
    },
    {
      "epoch": 38,
      "loss": 0.01023992371043234,
      "validation_f1": 0.8747443762781185
    },
    {
      "epoch": 39,
      "loss": 0.010865487426493507,
      "validation_f1": 0.8818132757690231
    },
    {
      "epoch": 40,
      "loss": 0.013017750087179472,
      "validation_f1": 0.8997912317327765
    },
    {
      "epoch": 41,
      "loss": 0.008287338433709513,
      "validation_f1": 0.8744588744588744
    },
    {
      "epoch": 42,
      "loss": 0.0031705479105572252,
      "validation_f1": 0.9021479713603818
    },
    {
      "epoch": 43,
      "loss": 0.010508764849034803,
      "validation_f1": 0.8890063424947146
    },
    {
      "epoch": 44,
      "loss": 0.0076346350055960105,