{
  "model_type": "iccas_specialized_binary_lstm",
  "task": "imu_fall",
  "positive_label": "fall",
  "feature_columns": [
    "roll",
    "pitch",
    "yaw",
    "ax",
    "ay",
    "az",
    "wx",
    "wy",
    "wz",
    "accel_norm",
    "gyro_norm",
    "dt_s"
  ],
  "sequence_length": 16,
  "threshold": 0.82,
  "hidden_size": 64,
  "num_layers": 2,
  "dropout": 0.2,
  "scaler_center": [
    -2.940000057220459,
    5.599999904632568,
    20.479999542236328,
    -0.0949999988079071,
    -0.05299999937415123,
    0.9520000219345093,
    -0.11999999731779099,
    0.05999999865889549,
    0.0,
    1.003171443939209,
    45.31393814086914,
    0.03999999910593033
  ],
  "scaler_scale": [
    8.680000305175781,
    10.079999923706055,
    170.57000732421875,
    0.2029999941587448,
    0.20500001311302185,
    0.32099997997283936,
    33.630001068115234,
    32.470001220703125,
    41.55999755859375,
    0.281998872756958,
    44.62877655029297,
    0.019999999552965164
  ],
  "split_sizes": {
    "train": 17233,
    "validation": 3694,
    "test": 3697
  },
  "validation_metrics": {
    "accuracy": 0.9436924742826205,
    "precision": 0.7212389380530974,
    "recall": 0.7990196078431373,
    "f1": 0.758139534883721,
    "tp": 326,
    "fp": 126,
    "tn": 3160,
    "fn": 82,
    "threshold": 0.82
  },
  "test_metrics": {
    "accuracy": 0.9621314579388693,
    "precision": 0.8149882903981265,
    "recall": 0.8508557457212714,
    "f1": 0.832535885167464,
    "tp": 348,
    "fp": 79,
    "tn": 3209,
    "fn": 61,
    "threshold": 0.82
  },
  "test_metrics_by_scenario": {
    "idle": {
      "accuracy": 1.0,
      "precision": 0.0,
      "recall": 0.0,
      "f1": 0.0,
      "tp": 0,
      "fp": 0,
      "tn": 148,
      "fn": 0,
      "threshold": 0.82
    },
    "sit": {
      "accuracy": 1.0,
      "precision": 0.0,
      "recall": 0.0,
      "f1": 0.0,
      "tp": 0,
      "fp": 0,
      "tn": 96,
      "fn": 0,
      "threshold": 0.82
    },
    "떨어졌다가 앞으로 걸어가고 떨어졌다 앞으로 걸어감": {
      "accuracy": 0.9032258064516129,
      "precision": 1.0,
      "recall": 0.9032258064516129,
      "f1": 0.9491525423728813,
      "tp": 168,
      "fp": 0,
      "tn": 0,
      "fn": 18,
      "threshold": 0.82
    },
    "새로운 경로 1.2km, 새로운 경로 600m": {
      "accuracy": 1.0,
      "precision": 0.0,
      "recall": 0.0,
      "f1": 0.0,
      "tp": 0,
      "fp": 0,
      "tn": 1281,
      "fn": 0,
      "threshold": 0.82
    },
    "새로운 경로에서 배회": {
      "accuracy": 0.8609154929577465,
      "precision": 0.0,
      "recall": 0.0,
      "f1": 0.0,
      "tp": 0,
      "fp": 79,
      "tn": 489,
      "fn": 0,
      "threshold": 0.82
    },
    "제자리에서 떨어짐1,2": {
      "accuracy": 0.8071748878923767,
      "precision": 1.0,
      "recall": 0.8071748878923767,
      "f1": 0.8933002481389578,
      "tp": 180,
      "fp": 0,
      "tn": 0,
      "fn": 43,
      "threshold": 0.82
    },
    "집 앞 walk": {
      "accuracy": 1.0,
      "precision": 0.0,
      "recall": 0.0,
      "f1": 0.0,
      "tp": 0,
      "fp": 0,
      "tn": 239,
      "fn": 0,
      "threshold": 0.82
    },
    "추가된 학교 데이터": {
      "accuracy": 1.0,
      "precision": 0.0,
      "recall": 0.0,
      "f1": 0.0,
      "tp": 0,
      "fp": 0,
      "tn": 793,
      "fn": 0,
      "threshold": 0.82
    },
    "학교 walk": {
      "accuracy": 1.0,
      "precision": 0.0,
      "recall": 0.0,
      "f1": 0.0,
      "tp": 0,
      "fp": 0,
      "tn": 163,
      "fn": 0,
      "threshold": 0.82
    }
  },
  "history": [
    {
      "epoch": 1,
      "loss": 0.2825931237955078,
      "validation_f1": 0.6006256517205422
    },
    {
      "epoch": 2,
      "loss": 0.08430685154431751,
      "validation_f1": 0.7007616974972797
    },
    {
      "epoch": 3,
      "loss": 0.040226883593875794,
      "validation_f1": 0.7340301974448317
    },
    {
      "epoch": 4,
      "loss": 0.017561151795898268,
      "validation_f1": 0.7224770642201835
    },
    {
      "epoch": 5,
      "loss": 0.005866190856903068,
      "validation_f1": 0.7367256637168141
    },
    {
      "epoch": 6,
      "loss": 0.003893810936191372,
      "validation_f1": 0.7242152466367712
    },
    {
      "epoch": 7,
      "loss": 0.0025623948782084864,
      "validation_f1": 0.758139534883721
    },
    {
      "epoch": 8,
      "loss": 0.0005019443303973452,
      "validation_f1": 0.7579185520361992
    },
    {
      "epoch": 9,
      "loss": 0.0003615736585533015,
      "validation_f1": 0.7543252595155711
    },
    {
      "epoch": 10,
      "loss": 0.0003030320710403477,
      "validation_f1": 0.754246885617214
    },
    {
      "epoch": 11,
      "loss": 0.0002135187785070725,
      "validation_f1": 0.7522727272727272
    },
    {
      "epoch": 12,
      "loss": 0.00017733536504385708,
      "validation_f1": 0.7528344671201813
    },
    {
      "epoch": 13,
      "loss": 0.00014615454373166962,
      "validation_f1": 0.7528344671201813
    },
    {
      "epoch": 14,
      "loss": 0.00012365452216033917,
      "validation_f1": 0.7528344671201813
    },
    {
      "epoch": 15,
      "loss": 0.00010602142606316231,
      "validation_f1": 0.754246885617214
    },
    {
      "epoch": 16,
      "loss": 9.075699581726321e-05,
      "validation_f1": 0.754246885617214
    },
    {
      "epoch": 17,
      "loss": 8.031700100171985e-05,
      "validation_f1": 0.754246885617214
    },
    {
      "epoch": 18,
      "loss": 6.958598220004183e-05,
      "validation_f1": 0.7553072625698324
    },
    {
      "epoch": 19,
      "loss": 6.273050376136116e-05,
      "validation_f1": 0.7545045045045043
    },
    {
      "epoch": 20,
      "loss": 5.414384776273728e-05,
      "validation_f1": 0.7545045045045043
    },
    {
      "epoch": 21,
      "loss": 4.911252261611964e-05,
      "validation_f1": 0.7550561797752808
    },
    {
      "epoch": 22,
      "loss": 4.340495771839528e-05,
      "validation_f1": 0.7548022598870057
    },
    {
      "epoch": 23,
      "loss": 3.924253854053894e-05,
      "validation_f1": 0.7548022598870057
    },
    {
      "epoch": 24,
      "loss": 3.512135640999026e-05,
      "validation_f1": 0.7553551296505072
    },
    {
      "epoch": 25,
      "loss": 3.261533948287303e-05,
      "validation_f1": 0.7562076749435666
    },
    {
      "epoch": 26,
      "loss": 2.8904872784648332e-05,
      "validation_f1": 0.7562076749435666
    },
    {
      "epoch": 27,
      "loss": 2.5966137923154223e-05,
      "validation_f1": 0.7562076749435666
    },
    {
      "epoch": 28,
      "loss": 2.352567471748528e-05,
      "validation_f1": 0.7562076749435666
    },
    {
      "epoch": 29,
      "loss": 2.1629765966263573e-05,
      "validation_f1": 0.7553551296505072
    },
    {
      "epoch": 30,
      "loss": 1.9522693583523402e-05,
      "validation_f1": 0.7536557930258718
    },
    {
      "epoch": 31,
      "loss": 1.8085071488496316e-05,
      "validation_f1": 0.7539503386004516
    },
    {
      "epoch": 32,
      "loss": 1.6895640705460563e-05,
      "validation_f1": 0.7531003382187148
    },
    {
      "epoch": 33,
      "loss": 1.5266379237313173e-05,
      "validation_f1": 0.7542087542087542
    },
    {
      "epoch": 34,
      "loss": 1.3613362627545965e-05,
      "validation_f1": 0.7542087542087542
    },
    {
      "epoch": 35,
      "loss": 1.4021963201912684e-05,
      "validation_f1": 0.7516930022573364
    },
    {
      "epoch": 36,
      "loss": 1.2154820694056717e-05,
      "validation_f1": 0.752542372881356
    },
    {
      "epoch": 37,
      "loss": 1.0769626795244818e-05,
      "validation_f1": 0.751131221719457
    },
    {
      "epoch": 38,
      "loss": 9.848064190721878e-06,
      "validation_f1": 0.7508455467869222
    },
    {
      "epoch": 39,
      "loss": 8.989957009692231e-06,
      "validation_f1": 0.75140607424072
    },
    {
      "epoch": 40,
      "loss": 8.247892879578205e-06,
      "validation_f1": 0.7508379888268157
    },
    {
      "epoch": 41,